Model,Accuracy,Precision,Recall,F1 Score,ROC-AUC
Logistic Regression,0.7789115646258503,0.38461538461538464,0.6382978723404256,0.48,0.8065294168317684
AdaBoost,0.8537414965986394,0.5714285714285714,0.3404255319148936,0.4266666666666667,0.787578602808166
Decision Tree,0.8231292517006803,0.43243243243243246,0.3404255319148936,0.38095238095238093,0.6277026444999569
Gradient Boosting,0.8469387755102041,0.5454545454545454,0.2553191489361702,0.34782608695652173,0.7904212249117064
Extra Trees,0.8503401360544217,0.6666666666666666,0.1276595744680851,0.21428571428571427,0.7988629511585839
Random Forest,0.8333333333333334,0.4,0.0851063829787234,0.14035087719298245,0.7751744336290809
